id,email,first,last,pass,DateOfBirth
1,iclampin0@shop-pro.jp,Iver,Clampin,sGak89yh,1991-9-7
2,jchuter1@gmpg.org,Jeanne,Chuter,qqGNYh,1973-2-13
3,rrehm2@timesonline.co.uk,Reeba,Rehm,mLwIvdbn7A9i,1949-8-6
4,doganesian3@foxnews.com,Dukey,Oganesian,Pod2mAx,1973-5-28
5,ekennsley4@nasa.gov,Eldredge,Kennsley,Pdj4FfP,1974-12-12
6,ffranzel5@weibo.com,Flossy,Franzel,8dtsbLPXy,1989-8-6
7,dlenaghen6@usatoday.com,Doria,Lenaghen,EvfC7Fsy23pp,1952-4-27
8,ihebburn7@un.org,Isabelita,Hebburn,BIOCPplbNMF,1997-4-14
9,ldaw8@ihg.com,Layney,Daw,5LdwRfeJ,1994-12-19
10,tdominichetti9@nih.gov,Traver,Dominichetti,WzEkJgB9nvik,1974-10-16
11,agumma@google.es,Arley,Gumm,DNO3x76k1xx,1982-2-1
12,lmaiseyb@blogtalkradio.com,Lyndsie,Maisey,JGoGy8,1985-4-10
13,kbaseggioc@nydailynews.com,Killy,Baseggio,S6QiwswFG8,1956-10-10
14,nvanarsdalld@usgs.gov,Nance,Van Arsdall,wP6Q9FnjCtKv,1995-1-12
15,adredgee@mediafire.com,Aleen,Dredge,EB1ibsqA,1966-8-9
16,mlandref@huffingtonpost.com,Miller,Landre,abnpGKKoFPA6,1963-12-14
17,hliebg@printfriendly.com,Hortensia,Lieb,dfwQbu7Eo,1952-10-11
18,tchorltonh@fda.gov,Tobe,Chorlton,LQ0Wa8XkODV,1983-4-24
19,chamblyi@exblog.jp,Clementia,Hambly,ZjYE5Wg0i,1991-11-26
20,chutchinj@macromedia.com,Crista,Hutchin,ddCRseaa0,1963-12-26
21,jhanfordk@tripod.com,Jody,Hanford,t5Hr84yV5HM,1989-5-14
22,kfilchakovl@whitehouse.gov,Keefer,Filchakov,SAFrlDTOLFa,1977-10-18
23,hskelbeckm@icq.com,Helen-elizabeth,Skelbeck,RoDhoBF0XTs,1975-4-21
24,gohagann@quantcast.com,Garrick,O'Hagan,BCD7XwO,1981-11-4
25,bbonhano@harvard.edu,Bard,Bonhan,9CmcX8DuQRhi,1951-2-21
26,jeversp@yandex.ru,Joscelin,Evers,FNtARsHCNJ,1979-11-23
27,hantyshevq@blogtalkradio.com,Hollis,Antyshev,McQ4o7mmv,1982-9-5
28,akarpetsr@technorati.com,Alard,Karpets,F1LnbWbznsk,1983-11-11
29,aprues@scientificamerican.com,Armin,Prue,OCemJrAJzRk7,1969-6-22
30,bgeraldit@ifeng.com,Bart,Geraldi,nt0MEQcqG,1980-11-9
31,daizikovu@wordpress.org,Demetri,Aizikov,zRZUGc8ty5w,1990-5-8
32,gskarmanv@telegraph.co.uk,Glyn,Skarman,5ykVZfJ6vf,1995-8-9
33,cconnopw@sitemeter.com,Cornelia,Connop,cccD0IWSfqD,1988-10-28
34,bdeldellox@naver.com,Bent,Del Dello,VZcHwYH,1995-8-18
35,scartery@kickstarter.com,Stephine,Carter,jd8HuN,1960-9-14
36,amcgeez@homestead.com,Arron,Mc Gee,xGsBk4VoU,1983-3-17
37,cbroscombe10@sciencedaily.com,Cchaddie,Broscombe,jIPrLr,1980-11-2
38,mfryatt11@columbia.edu,Menard,Fryatt,ysb1gIbjaQkX,1981-3-9
39,cpoundford12@nytimes.com,Caterina,Poundford,hZPwStkRT,1979-1-27
40,mgreste13@deliciousdays.com,Morgan,Greste,TkMm8A,1974-5-22
41,nreyes14@java.com,Netti,Reyes,eepiDYp,1966-12-18
42,hstode15@earthlink.net,Hansiain,Stode,wfYmzSYuO,1961-12-9
43,cwissbey16@vk.com,Claribel,Wissbey,GbzYk1p1,1985-12-7
44,crabjohns17@va.gov,Clive,Rabjohns,NtfFhz,1946-2-24
45,fmarzelli18@angelfire.com,Francine,Marzelli,WGWdf4SY,1959-2-3
46,awilcock19@php.net,Adam,Wilcock,XWUz7c4,1975-2-27
47,gbrandolini1a@phpbb.com,Gwendolen,Brandolini,HOwvSQr,1970-1-3
48,gmckiddin1b@taobao.com,Glennie,McKiddin,vKsfnp4HfpVQ,1984-7-10
49,slinck1c@wikimedia.org,Simone,Linck,CIk8RGzeNUR,1988-10-16
50,ibungey1d@state.tx.us,Ivan,Bungey,TgvSSGX,1994-10-26
51,bgorcke1e@weibo.com,Birgit,Gorcke,01w6H3bXs8DE,1983-12-19
52,grude1f@hao123.com,Georg,Rude,pcxgXx1rEy,1954-7-18
53,tluby1g@tinyurl.com,Tony,Luby,HG5NEZwFFO,1947-3-14
54,nwheowall1h@miitbeian.gov.cn,Noam,Wheowall,LgYO1ZtYdLA,1983-9-22
55,jconan1i@miitbeian.gov.cn,Jenna,Conan,6skSoN2RUi,1973-2-23
56,fmckag1j@nymag.com,Frederica,McKag,sul0pWNHQAU,1992-9-20
57,ecleare1k@china.com.cn,Essa,Cleare,MKN2HiiX,1951-3-2
58,framalho1l@google.nl,Fran,Ramalho,c5wzXrUSm,1953-10-9
59,gbrolechan1m@phoca.cz,Genevieve,Brolechan,nsg2XA51,1963-6-21
60,vmeachan1n@techcrunch.com,Vanny,Meachan,PfXSWdh7qffw,1960-6-21
61,eshoebridge1o@de.vu,Eada,Shoebridge,j68yiszHc,1988-11-25
62,ushovelbottom1p@tripod.com,Ursulina,Shovelbottom,ZoSxtJscTHz,1967-4-5
63,cmackissack1q@cdc.gov,Claire,MacKissack,xDHwB3Rf,1968-11-8
64,oamey1r@shinystat.com,Oralla,Amey,iMck1I,1997-5-8
65,tlaidel1s@cnbc.com,Traci,Laidel,QYOGdteCF0FD,1983-8-9
66,aruben1t@pcworld.com,Archie,Ruben,l1pTO3uKPLC,1999-10-12
67,azealander1u@aboutads.info,Anett,Zealander,tl4yiu,1969-8-21
68,rdavie1v@ebay.co.uk,Reynolds,Davie,GrLtrDF,1999-1-7
69,iaslum1w@sakura.ne.jp,Ibby,Aslum,Xu2sp2Caa,1997-12-19
70,raaronson1x@topsy.com,Robb,Aaronson,OjetVJOH,1977-4-13
71,hkneal1y@japanpost.jp,Ham,Kneal,Bs7rev,1999-3-4
72,fcrix1z@dell.com,Fred,Crix,6EVxig5PH,1997-2-17
73,wroll20@wikimedia.org,Willem,Roll,COuRFWa,1949-3-23
74,hbubbings21@altervista.org,Haroun,Bubbings,XryOPTjiI,1953-11-23
75,nlipprose22@seattletimes.com,Nevins,Lipprose,lcrEH6Xq,1962-5-2
76,strodden23@google.de,Sergio,Trodden,B7vxUhs1t8e,1962-7-18
77,spleaden24@biglobe.ne.jp,Shell,Pleaden,TUbYrgFjJ,1987-5-17
78,rdambrogi25@about.me,Rene,D'Ambrogi,Qr6zX9k,1952-9-20
79,pmaclean26@webeden.co.uk,Portie,Maclean,7jUunZN,1998-8-21
80,mcurnow27@cocolog-nifty.com,Marilee,Curnow,OLDqNrI,1948-7-16
81,locorrin28@jiathis.com,Luciano,O'Corrin,EXNq4Jyg,1972-6-24
82,mianniello29@1und1.de,Margie,Ianniello,tlztqquw,1973-6-23
83,bpaish2a@google.com,Becki,Paish,9YXUbdBks0hx,1983-11-5
84,lgothrup2b@bravesites.com,Lukas,Gothrup,Zj0K0biqH,1949-3-19
85,ljulyan2c@plala.or.jp,Lazaro,Julyan,kJns8MSz,1977-8-22
86,bbarnaclough2d@addtoany.com,Brion,Barnaclough,71tfFUukc1,1995-9-15
87,ncristofolo2e@goodreads.com,Normand,Cristofolo,PwoRgS,1990-9-1
88,lfardy2f@wsj.com,Lionello,Fardy,ooczNksguVF,1991-4-25
89,mrackstraw2g@about.me,Marlow,Rackstraw,GZNC6VQm,1961-2-20
90,gvanderweedenburg2h@cnbc.com,Guenna,Van Der Weedenburg,jIwTzZCQrG5,1962-5-9
91,lhinze2i@google.de,Lurleen,Hinze,KVkPtZzIu,1963-5-20
92,eandryunin2j@gizmodo.com,Eziechiele,Andryunin,o1AOtp,1978-4-11
93,tbyford2k@symantec.com,Tandy,Byford,tTHEKmn,1946-6-19
94,vwinham2l@multiply.com,Vito,Winham,HtI2DeU,1999-10-27
95,cbawden2m@privacy.gov.au,Coleman,Bawden,Qedlc8Xe8,1955-1-23
96,ohark2n@msn.com,Omar,Hark,FJ9ZhRwxGx,1975-11-2
97,lleal2o@wsj.com,Laraine,Leal,27QIbY498H7g,1961-11-26
98,ebeardall2p@squarespace.com,Eudora,Beardall,chPaCq,1995-8-16
99,hmouncher2q@nps.gov,Hewie,Mouncher,jaVIh3j8,1960-6-20
100,arevan2r@sina.com.cn,Ardath,Revan,obO7sDzD1A,1995-2-28
